Workbook

Sheet 文档目录
A1: 第一批知识库文档目录
A2: 文档ID | B2: 标题 | C2: 分类 | D2: 发布机构 | E2: 发布日期 | F2: 文件类型 | G2: 来源URL | H2: 本地文件名 | I2: 状态 | J2: 处理说明
A3: DOC001 | B3: 医疗器械软件注册审查指导原则（2022年修订版） | C3: software_lifecycle | D3: 国家药品监督管理局医疗器械技术审评中心 | E3: 2022-03-10 | F3: PDF | G3: https://www.cncsdr.org/ggtz/ggzz/202203/t20220311_304189.html | H3: DOC001_CMDE_software_guidance_2022.pdf | I3: Validated | J3: 原始PDF参与检索；已完成表格修复、人工检查与检索验证
A4: DOC002 | B4: 医疗器械网络安全注册审查指导原则（2022年修订版） | C4: access_control_and_security | D4: 国家药品监督管理局医疗器械技术审评中心 | E4: 2022-03-10 | F4: PDF | G4: https://www.cncsdr.org/ggtz/ggzz/202203/t20220311_304187.html | H4: DOC002_CMDE_cybersecurity_guidance_2022.pdf | I4: Validated | J4: 原始PDF参与检索；已完成人工检查与检索验证
A5: DOC003 | B5: 医疗器械生产质量管理规范附录 独立软件 | C5: software_lifecycle | D5: 国家药品监督管理局 | E5: 2019-07-12 | F5: PDF | G5: https://www.nmpa.gov.cn/xxgk/ggtg/ylqxggtg/ylqxqtggtg/20190712113301132.html | H5: DOC003_NMPA_independent_software_GMP_2019.pdf | I5: Validated | J5: 原始PDF参与检索；已完成人工检查与检索验证
A6: DOC004 | B6: 医疗器械生产质量管理规范独立软件现场检查指导原则 | C6: software_testing | D6: 国家药品监督管理局综合司 | E6: 2020-06-04 | F6: PDF+Markdown | G6: https://www.nmpa.gov.cn/xxgk/fgwj/gzwj/gzwjylqx/20200604162801601.html | H6: DOC004_NMPA_software_inspection_guideline_2020.pdf | I6: Validated | J6: 原始PDF留档；RAGFlow标题切片版Markdown参与检索
A7: DOC005 | B7: 医疗器械注册质量管理体系核查指南 | C7: requirements_and_traceability | D7: 国家药品监督管理局 | E7: 2022-10-10 | F7: PDF | G7: https://www.nmpa.gov.cn/ylqx/ylqxggtg/20221010110514148.html | H7: DOC005_NMPA_registration_QMS_inspection_2022.pdf | I7: Validated | J7: 正文参与检索；附表重复分块已关闭

Sheet 评测题集
A1: 医疗器械软件测试知识库标准评测题集（v1）
A2: 问题ID | B2: 预期文档 | C2: 主题 | D2: 难度 | E2: 问题类型 | F2: 评测问题 | G2: 预期定位 | H2: 标准答案要点 | I2: 状态 | J2: 备注
A3: Q001 | B3: DOC001 | C3: 适用范围 | D3: 基础 | E3: 范围问答 | F3: 《医疗器械软件注册审查指导原则（2022年修订版）》适用于哪些类型和类别的医疗器械软件注册申报？ | G3: 一、适用范围 | H3: 适用于第二、三类独立软件和含有软件组件的医疗器械（含体外诊断医疗器械），并适用于自研软件和现成软件。 | I3: 待测试
A4: Q002 | B4: DOC001 | C4: 软件分类 | D4: 基础 | E4: 概念辨析 | F4: 独立软件（SaMD）与软件组件（SiMD）的主要区别是什么？ | G4: 二、主要概念（一）医疗器械软件 | H4: SaMD无需医疗器械硬件即可完成预期用途，运行于通用计算平台；SiMD控制/驱动医疗器械硬件或运行于医用计算平台，通常随整机注册。 | I4: 待测试
A5: Q003 | B5: DOC001 | C5: 外部软件环境 | D5: 中等 | E5: 概念问答 | F5: 必备软件与外部软件环境有什么区别？ | G5: 二、主要概念（二）系统软件、应用软件、中间件、支持软件 | H5: 必备软件是医疗器械软件正常运行必需的其他医疗器械软件或医用中间件，通常单独注册；外部软件环境是正常运行必需的系统软件、通用应用软件、通用中间件和支持软件，不属于医疗器械软件。 | I5: 待测试
A6: Q004 | B6: DOC001 | C6: 软件生存周期 | D6: 基础 | E6: 列表问答 | F6: 医疗器械软件生存周期通常包括哪些阶段？ | G6: 二、主要概念（三）软件生存周期 | H6: 包括软件开发策划、需求分析、设计、编码、测试、发布、部署、维护和停运等阶段。 | I6: 待测试
A7: Q005 | B7: DOC001 | C7: 软件测试 | D7: 中等 | E7: 比较问答 | F7: 黑盒测试、白盒测试和灰盒测试分别是什么？ | G7: 二、主要概念（四）软件测试、软件验证、软件确认 | H7: 黑盒测试基于输入输出；白盒测试基于源代码；灰盒测试组合使用黑盒和白盒方法。 | I7: 待测试
A8: Q006 | B8: DOC001 | C8: 回归测试 | D8: 中等 | E8: 要求问答 | F8: 软件更新后，回归测试应如何确定测试范围？ | G8: 二、主要概念（四）软件测试、软件验证、软件确认 | H8: 应根据软件更新的类型、内容和程度，选择适宜的单元、集成、系统、用户或第三方测试，确认未产生不良影响和不可接受的新缺陷。 | I8: 待测试
A9: Q007 | B9: DOC001 | C9: 验证确认 | D9: 中等 | E9: 概念辨析 | F9: 软件验证与软件确认的区别是什么？ | G9: 二、主要概念（四）软件测试、软件验证、软件确认 | H9: 验证确认某阶段输出满足输入要求；确认认定软件满足用户需求和预期用途，并保证已知剩余缺陷风险可接受。 | I9: 待测试
A10: Q008 | B10: DOC001 | C10: 可追溯性 | D10: 综合 | E10: 关系问答 | F10: 软件可追溯性分析在需求、设计、编码和测试阶段分别需要分析哪些关系？ | G10: 二、主要概念（五）软件可追溯性分析 | H10: 需求阶段分析需求与产品需求、风险；设计阶段分析设计与需求、风险控制；编码阶段分析源代码与设计、测试用例；测试阶段分析测试用例与设计、系统测试与需求及风险管理。 | I10: 待测试
A11: Q009 | B11: DOC001 | C11: 软件更新 | D11: 中等 | E11: 分类问答 | F11: 重大软件更新和轻微软件更新的判定及注册处理原则是什么？ | G11: 二、主要概念（六）软件更新 | H11: 重大更新影响安全性或有效性，通常需要变更注册；轻微更新不影响安全性和有效性，通过质量管理体系控制，并在后续适当时提交资料。 | I11: 待测试
A12: Q010 | B12: DOC001 | C12: 现成软件 | D12: 综合 | E12: 场景问答 | F12: 现成软件组件采用部分使用方式与全部使用方式时，研究资料提交要求有何不同？ | G12: 八、医疗器械软件研究资料（三）现成软件研究资料 | H12: 部分使用方式无需单独提交研究报告，在自研软件报告适用条款中说明；全部使用方式需单独提交现成软件组件研究报告及类型判定依据。 | I12: 待测试
A13: Q011 | B13: DOC002 | C13: 适用范围 | D13: 基础 | E13: 范围问答 | F13: 哪些具备网络相关功能的医疗器械适用网络安全注册审查指导原则？ | G13: 一、适用范围 | H13: 具备电子数据交换、远程访问与控制、用户访问三类功能中至少一种的第二、三类独立软件和含软件组件的医疗器械。 | I13: 待测试
A14: Q012 | B14: DOC002 | C14: 网络安全特性 | D14: 基础 | E14: 定义问答 | F14: 医疗器械网络安全中的保密性、完整性和可得性分别指什么？ | G14: 二、主要概念（一）医疗器械网络安全 | H14: 保密性指仅授权用户以授权方式访问；完整性指数据未被未授权更改；可得性指产品和数据能按授权要求以预期方式及时访问和使用。 | I14: 待测试
... A52: Q050 | B52: DOC005 | C52: 整改复查 | D52: 综合 | E52: 时限问答 | F52: 何种情况下进入整改后复查，整改期限及未通过条件是什么？ | G52: 5.2.3—5.2.4 | H52: 无真实性问题且关键项目少于3项、一般项目少于10项不符合时进入整改后复查；应在6个月内一次性提交整改报告；逾期未交或复查仍有不符合，建议整改后未通过核查。 | I52: 待测试

Sheet 评测记录
A1: RAGFlow检索与回答评测记录
A2: 问题ID | B2: 评测问题 | C2: 预期文档 | D2: 预期定位 | E2: 实际Top1文档 | F2: 实际Top1定位 | G2: Top1命中 | H2: Top3命中 | I2: 引用正确 | J2: 回答准确度(0-2) | K2: 是否幻觉 | L2: 测试状态 | M2: 综合得分 | N2: 测试日期 | O2: 备注
A3: Q001 | B3: 《医疗器械软件注册审查指导原则（2022年修订版）》适用于哪些类型和类别的医疗器械软件注册申报？ | C3: DOC001 | D3: 一、适用范围 | E3: DOC001 | F3: 一、适用范围 | G3: 1 | H3: 1 | I3: 1 | J3: 2 | K3: 0 | L3: 已完成 | M3: =IF(L3<>"已完成","",IF(G3=1,2,IF(H3=1,1,0))+I3+J3*2-K3*2) -> 7
A4: Q002 | B4: 独立软件（SaMD）与软件组件（SiMD）的主要区别是什么？ | C4: DOC001 | D4: 二、主要概念（一）医疗器械软件 | E4: DOC001 | F4: 二、主要概念（一）医疗器械软件 | G4: 1 | H4: 1 | I4: 1 | J4: 2 | K4: 0 | L4: 已完成 | M4: =IF(L4<>"已完成","",IF(G4=1,2,IF(H4=1,1,0))+I4+J4*2-K4*2) -> 7
A5: Q003 | B5: 必备软件与外部软件环境有什么区别？ | C5: DOC001 | D5: 二、主要概念（二）系统软件、应用软件、中间件、支持软件 | E5: DOC001 | F5: 二、主要概念（二）系统软件、应用软件、中间件、支持软件 | G5: 1 | H5: 1 | I5: 1 | J5: 2 | K5: 0 | L5: 已完成 | M5: =IF(L5<>"已完成","",IF(G5=1,2,IF(H5=1,1,0))+I5+J5*2-K5*2) -> 7
A6: Q004 | B6: 医疗器械软件生存周期通常包括哪些阶段？ | C6: DOC001 | D6: 二、主要概念（三）软件生存周期 | E6: DOC001 | F6: 二、主要概念（三）软件生存周期 | G6: 1 | H6: 1 | I6: 1 | J6: 1 | K6: 0 | L6: 已完成 | M6: =IF(L6<>"已完成","",IF(G6=1,2,IF(H6=1,1,0))+I6+J6*2-K6*2) -> 5
A7: Q005 | B7: 黑盒测试、白盒测试和灰盒测试分别是什么？ | C7: DOC001 | D7: 二、主要概念（四）软件测试、软件验证、软件确认 | E7: DOC001 | F7: 二、主要概念（四）软件测试、软件验证、软件确认 | G7: 1 | H7: 1 | I7: 1 | J7: 2 | K7: 0 | L7: 已完成 | M7: =IF(L7<>"已完成","",IF(G7=1,2,IF(H7=1,1,0))+I7+J7*2-K7*2) -> 7
A8: Q006 | B8: 软件更新后，回归测试应如何确定测试范围？ | C8: DOC001 | D8: 二、主要概念（四）软件测试、软件验证、软件确认 | E8: DOC001 | F8: 二、主要概念（四）软件测试、软件验证、软件确认 | G8: 1 | H8: 1 | I8: 1 | J8: 2 | K8: 0 | L8: 已完成 | M8: =IF(L8<>"已完成","",IF(G8=1,2,IF(H8=1,1,0))+I8+J8*2-K8*2) -> 7
A9: Q007 | B9: 软件验证与软件确认的区别是什么？ | C9: DOC001 | D9: 二、主要概念（四）软件测试、软件验证、软件确认 | E9: DOC001 | F9: 二、主要概念（四）软件测试、软件验证、软件确认 | G9: 1 | H9: 1 | I9: 1 | J9: 2 | K9: 0 | L9: 已完成 | M9: =IF(L9<>"已完成","",IF(G9=1,2,IF(H9=1,1,0))+I9+J9*2-K9*2) -> 7
A10: Q008 | B10: 软件可追溯性分析在需求、设计、编码和测试阶段分别需要分析哪些关系？ | C10: DOC001 | D10: 二、主要概念（五）软件可追溯性分析 | E10: DOC001 | F10: 二、主要概念（五）软件可追溯性分析 | G10: 1 | H10: 1 | I10: 1 | J10: 2 | K10: 1 | L10: 已完成 | M10: =IF(L10<>"已完成","",IF(G10=1,2,IF(H10=1,1,0))+I10+J10*2-K10*2) -> 5
A11: Q009 | B11: 重大软件更新和轻微软件更新的判定及注册处理原则是什么？ | C11: DOC001 | D11: 二、主要概念（六）软件更新 | E11: DOC001 | F11: 二、主要概念（六）软件更新 | G11: 1 | H11: 1 | I11: 1 | J11: 2 | K11: 0 | L11: 已完成 | M11: =IF(L11<>"已完成","",IF(G11=1,2,IF(H11=1,1,0))+I11+J11*2-K11*2) -> 7
A12: Q010 | B12: 现成软件组件采用部分使用方式与全部使用方式时，研究资料提交要求有何不同？ | C12: DOC001 | D12: 八、医疗器械软件研究资料（三）现成软件研究资料 | E12: DOC001 | F12: 八、医疗器械软件研究资料（三）现成软件研究资料 | G12: 1 | H12: 1 | I12: 1 | J12: 2 | K12: 0 | L12: 已完成 | M12: =IF(L12<>"已完成","",IF(G12=1,2,IF(H12=1,1,0))+I12+J12*2-K12*2) -> 7
A13: Q011 | B13: 哪些具备网络相关功能的医疗器械适用网络安全注册审查指导原则？ | C13: DOC002 | D13: 一、适用范围 | E13: DOC002 | F13: 一、适用范围 | G13: 1 | H13: 1 | I13: 1 | J13: 2 | K13: 0 | L13: 已完成 | M13: =IF(L13<>"已完成","",IF(G13=1,2,IF(H13=1,1,0))+I13+J13*2-K13*2) -> 7
A14: Q012 | B14: 医疗器械网络安全中的保密性、完整性和可得性分别指什么？ | C14: DOC002 | D14: 二、主要概念（一）医疗器械网络安全 | E14: DOC002 | F14: 二、主要概念（一）医疗器械网络安全 | G14: 1 | H14: 1 | I14: 1 | J14: 2 | K14: 0 | L14: 已完成 | M14: =IF(L14<>"已完成","",IF(G14=1,2,IF(H14=1,1,0))+I14+J14*2-K14*2) -> 7
... A52: Q050 | B52: 何种情况下进入整改后复查，整改期限及未通过条件是什么？ | C52: DOC005 | D52: 5.2.3—5.2.4 | E52: DOC005 | F52: 5.2.3 | G52: 1 | H52: 1 | I52: 1 | J52: 2 | K52: 0 | L52: 已完成 | M52: =IF(L52<>"已完成","",IF(G52=1,2,IF(H52=1,1,0))+I52+J52*2-K52*2) -> 7

Sheet 指标看板
A1: 知识库评测指标看板
A3: 使用流程：在“评测记录”中逐题填写实际召回、命中与回答质量；看板将自动计算Top-1/Top-3命中率、引用正确率、回答准确率和幻觉率。
A6: 题目总数 | B6: =COUNTA(评测题集!A3:A52) -> 50 | D6: 已完成 | E6: =COUNTIF(评测记录!L3:L52,"已完成") -> 50 | G6: 完成率 | H6: =IFERROR(E6/B6,0) -> 1
A9: Top-1命中率 | B9: =IFERROR(SUM(评测记录!G3:G52)/E6,0) -> 0.9 | D9: Top-3命中率 | E9: =IFERROR(SUM(评测记录!H3:H52)/E6,0) -> 1 | G9: 引用正确率 | H9: =IFERROR(SUM(评测记录!I3:I52)/E6,0) -> 1
A12: 回答准确率 | B12: =IFERROR(SUM(评测记录!J3:J52)/(E6*2),0) -> 0.97 | D12: 幻觉率 | E12: =IFERROR(SUM(评测记录!K3:K52)/E6,0) -> 0.02 | G12: 平均得分 | H12: =IFERROR(AVERAGEIF(评测记录!L3:L52,"已完成",评测记录!M3:M52),0) -> 6.74
A16: 文档ID | B16: 题目数 | C16: 已完成 | D16: Top1命中率 | E16: Top3命中率 | F16: 平均得分
A17: DOC001 | B17: =COUNTIF(评测题集!B3:B52,A17) -> 10 | C17: =COUNTIFS(评测记录!C3:C52,A17,评测记录!L3:L52,"已完成") -> 10 | D17: =IFERROR(SUMIFS(评测记录!G3:G52,评测记录!C3:C52,A17,评测记录!L3:L52,"已完成")/C17,0) -> 1 | E17: =IFERROR(SUMIFS(评测记录!H3:H52,评测记录!C3:C52,A17,评测记录!L3:L52,"已完成")/C17,0) -> 1 | F17: =IFERROR(AVERAGEIFS(评测记录!M3:M52,评测记录!C3:C52,A17,评测记录!L3:L52,"已完成"),0) -> 6.6
A18: DOC002 | B18: =COUNTIF(评测题集!B3:B52,A18) -> 10 | C18: =COUNTIFS(评测记录!C3:C52,A18,评测记录!L3:L52,"已完成") -> 10 | D18: =IFERROR(SUMIFS(评测记录!G3:G52,评测记录!C3:C52,A18,评测记录!L3:L52,"已完成")/C18,0) -> 1 | E18: =IFERROR(SUMIFS(评测记录!H3:H52,评测记录!C3:C52,A18,评测记录!L3:L52,"已完成")/C18,0) -> 1 | F18: =IFERROR(AVERAGEIFS(评测记录!M3:M52,评测记录!C3:C52,A18,评测记录!L3:L52,"已完成"),0) -> 7
A19: DOC003 | B19: =COUNTIF(评测题集!B3:B52,A19) -> 10 | C19: =COUNTIFS(评测记录!C3:C52,A19,评测记录!L3:L52,"已完成") -> 10 | D19: =IFERROR(SUMIFS(评测记录!G3:G52,评测记录!C3:C52,A19,评测记录!L3:L52,"已完成")/C19,0) -> 0.9 | E19: =IFERROR(SUMIFS(评测记录!H3:H52,评测记录!C3:C52,A19,评测记录!L3:L52,"已完成")/C19,0) -> 1 | F19: =IFERROR(AVERAGEIFS(评测记录!M3:M52,评测记录!C3:C52,A19,评测记录!L3:L52,"已完成"),0) -> 6.5
A20: DOC004 | B20: =COUNTIF(评测题集!B3:B52,A20) -> 10 | C20: =COUNTIFS(评测记录!C3:C52,A20,评测记录!L3:L52,"已完成") -> 10 | D20: =IFERROR(SUMIFS(评测记录!G3:G52,评测记录!C3:C52,A20,评测记录!L3:L52,"已完成")/C20,0) -> 0.6 | E20: =IFERROR(SUMIFS(评测记录!H3:H52,评测记录!C3:C52,A20,评测记录!L3:L52,"已完成")/C20,0) -> 1 | F20: =IFERROR(AVERAGEIFS(评测记录!M3:M52,评测记录!C3:C52,A20,评测记录!L3:L52,"已完成"),0) -> 6.6
A21: DOC005 | B21: =COUNTIF(评测题集!B3:B52,A21) -> 10 | C21: =COUNTIFS(评测记录!C3:C52,A21,评测记录!L3:L52,"已完成") -> 10 | D21: =IFERROR(SUMIFS(评测记录!G3:G52,评测记录!C3:C52,A21,评测记录!L3:L52,"已完成")/C21,0) -> 1 | E21: =IFERROR(SUMIFS(评测记录!H3:H52,评测记录!C3:C52,A21,评测记录!L3:L52,"已完成")/C21,0) -> 1 | F21: =IFERROR(AVERAGEIFS(评测记录!M3:M52,评测记录!C3:C52,A21,评测记录!L3:L52,"已完成"),0) -> 7

Sheet 参数记录
A1: 当前RAGFlow检索与模型配置
A2: 参数类别 | B2: 参数名称 | C2: 当前值 | D2: 说明
A3: 知识库 | B3: 知识库名称 | C3: 医疗器械控制软件测试知识库 | D3: 第一批文档DOC001—DOC005已Validated
A4: 模型 | B4: LLM | C4: deepseek-v4-flash（DeepSeek-Official） | D4: 用于最终回答生成
A5: 模型 | B5: Embedding | C5: text-embedding-v4（Tongyi-Official） | D5: 用于向量化
A6: 模型 | B6: Rerank | C6: qwen3-rerank（Tongyi-Official） | D6: 用于召回结果重排序
A7: 检索 | B7: 相似度阈值 | C7: 0.20 | D7: 当前人工测试基线
A8: 检索 | B8: 向量权重 | C8: 0.30 | D8: 混合检索中的向量部分
A9: 检索 | B9: 全文权重 | C9: 0.70 | D9: 混合检索中的关键词部分
A10: 检索 | B10: Top-K | C10: 1024 | D10: 送入Rerank的候选数量
A11: 检索 | B11: 返回条数 | C11: 10 | D11: 检索测试页面返回前10条
A12: DOC004 | B12: 解析方法 | C12: General / 512 / 分隔符 \n | D12: 使用RAGFlow标题切片版Markdown
A13: 评测 | B13: 题目数量 | C13: 50 | D13: 每份文档10题，覆盖基础、中等、综合难度
A14: 评分 | B14: 综合得分 | C14: 检索2 + 引用1 + 回答4 - 幻觉2 | D14: 满分7分，最低可为负分
