Workbook

Sheet 文档目录
A1: 独立留出测试集文档目录
A2: 文档ID | B2: 标题 | C2: 分类 | D2: 发布机构 | E2: 发布日期 | F2: 文件类型 | G2: 来源URL | H2: 本地文件名 | I2: 状态 | J2: 处理说明
A3: DOC001 | B3: 医疗器械软件注册审查指导原则（2022年修订版） | C3: software_lifecycle | D3: 国家药品监督管理局医疗器械技术审评中心 | E3: 2022-03-10 | F3: PDF | G3: https://www.cncsdr.org/ggtz/ggzz/202203/t20220311_304189.html | H3: DOC001_CMDE_software_guidance_2022.pdf | I3: Validated | J3: 原始PDF参与检索；已完成表格修复、人工检查与检索验证
A4: DOC002 | B4: 医疗器械网络安全注册审查指导原则（2022年修订版） | C4: access_control_and_security | D4: 国家药品监督管理局医疗器械技术审评中心 | E4: 2022-03-10 | F4: PDF | G4: https://www.cncsdr.org/ggtz/ggzz/202203/t20220311_304187.html | H4: DOC002_CMDE_cybersecurity_guidance_2022.pdf | I4: Validated | J4: 原始PDF参与检索；已完成人工检查与检索验证
A5: DOC003 | B5: 医疗器械生产质量管理规范附录 独立软件 | C5: software_lifecycle | D5: 国家药品监督管理局 | E5: 2019-07-12 | F5: PDF | G5: https://www.nmpa.gov.cn/xxgk/ggtg/ylqxggtg/ylqxqtggtg/20190712113301132.html | H5: DOC003_NMPA_independent_software_GMP_2019.pdf | I5: Validated | J5: 原始PDF参与检索；已完成人工检查与检索验证
A6: DOC004 | B6: 医疗器械生产质量管理规范独立软件现场检查指导原则 | C6: software_testing | D6: 国家药品监督管理局综合司 | E6: 2020-06-04 | F6: PDF+Markdown | G6: https://www.nmpa.gov.cn/xxgk/fgwj/gzwj/gzwjylqx/20200604162801601.html | H6: DOC004_NMPA_software_inspection_guideline_2020.pdf | I6: Validated | J6: 原始PDF留档；RAGFlow标题切片版Markdown参与检索
A7: DOC005 | B7: 医疗器械注册质量管理体系核查指南 | C7: requirements_and_traceability | D7: 国家药品监督管理局 | E7: 2022-10-10 | F7: PDF | G7: https://www.nmpa.gov.cn/ylqx/ylqxggtg/20221010110514148.html | H7: DOC005_NMPA_registration_QMS_inspection_2022.pdf | I7: Validated | J7: 正文参与检索；附表重复分块已关闭

Sheet 使用说明
A1: 独立留出测试集使用说明
A3: 测试目的 | B3: 使用30道未参与检索参数、切片和提示词优化的新题，评估系统在陌生问法与新条款上的泛化能力。
A4: 冻结配置 | B4: 相似度阈值0.20；向量权重0.50；全文权重0.50；Top N=8；Rerank=qwen3-rerank。
A5: 防止泄漏 | B5: 首次测试结束并归档结果前，不得根据H001-H030修改切片、添加相关问题、调整检索参数或修改回答提示词。
A6: 首次运行 | B6: 先运行3题冒烟测试，再一次性运行全部30题。每题使用独立会话，保存完整回答、引用顺序和相似度。
A7: 评分流程 | B7: 先计算严格Top-1/Top-3，再运行LLM裁判；最后仅人工复核低分题、无引用题和裁判争议题。
A8: 结果解释 | B8: 本工作簿是独立留出集。若测试后据此优化系统，应把本批题转为回归集，并另建新的留出集验证后续版本。
A11: 执行顺序
A12: 1. 确认RAGFlow最终配置与“参数记录”一致。
A13: 2. 锁定H001-H030，不提前在聊天页面试问。
A14: 3. 运行3题冒烟测试，确认API、引用解析和输出路径正常。
A15: 4. 一次性运行30题并保存JSON/CSV。
A16: 5. 运行自动裁判，人工复核异常题后填写“评测记录”。
A17: 6. 将原始结果永久归档，之后才允许针对失败题优化。

Sheet 评测题集
A1: 医疗器械软件测试知识库独立留出测试题集（v1）
A2: 问题ID | B2: 预期文档 | C2: 主题 | D2: 难度 | E2: 问题类型 | F2: 评测问题 | G2: 预期定位 | H2: 标准答案要点 | I2: 状态 | J2: 备注
A3: H001 | B3: DOC001 | C3: 软件版本 | D3: 综合 | E3: 比较问答 | F3: 软件发布版本与软件完整版本分别反映哪些更新类型，它们发生变化时注册处理有何不同？ | G3: 二、主要概念（七）软件版本 | H3: 软件发布版本仅体现重大增强类更新，改变表示发生重大更新，应申请变更注册；软件完整版本体现重大、轻微增强、纠正类更新及软件构建。完整版本改变但发布版本未变表示仅发生轻微更新，由质量管理体系控制，无需申请变更注册。 | I3: 已冻结 | J3: 独立留出题；首次归档前禁止据此调参或改切片
A4: H002 | B4: DOC001 | C4: 算法功能用途 | D4: 中等 | E4: 关系问答 | F4: 软件算法、软件功能和软件用途之间是什么关系，为什么以软件功能作为安全有效性评价主线？ | G4: 二、主要概念（八）软件算法、软件功能、软件用途 | H4: 算法与功能、功能与用途均为多对多关系；算法对用户内在不可见，功能和用途外在可见。软件功能连接算法与用途，因此以软件功能作为安全有效性评价主线。 | I4: 已冻结 | J4: 独立留出题；首次归档前禁止据此调参或改切片
A5: H003 | B5: DOC001 | C5: 注册单元 | D5: 综合 | E5: 规则问答 | F5: 独立软件注册单元应依据哪些原则划分，管理类别不同但技术上无法拆分时如何申报？ | G5: 七、技术考量（一）注册单元与检测单元｜1.注册单元划分原则 | H5: 独立软件以管理类别、预期用途和功能模块划分注册单元。不同管理类别原则上作为不同注册单元；技术上无法拆分时可作为一个注册单元，并按较高管理类别申报。不同预期用途应分开，功能庞大复杂时按平台功能和特定功能等模块划分。 | I5: 已冻结 | J5: 独立留出题；首次归档前禁止据此调参或改切片
A6: H004 | B6: DOC001 | C6: 检测单元 | D6: 综合 | E6: 场景问答 | F6: 同一独立软件存在多个运行环境、多个发布版本或不同类型核心算法时，检测单元应如何划分？ | G6: 七、技术考量（一）注册单元与检测单元｜2.检测单元划分原则 | H6: 检测单元原则上与注册单元相同；多个互不兼容的运行环境（含云计算）或互不涵盖的发布版本应分别作为检测单元。核心功能相同但核心算法类型不同的，各类算法对应的核心功能均需检测，检测对象是核心功能而非算法。 | I6: 已冻结 | J6: 独立留出题；首次归档前禁止据此调参或改切片
A7: H005 | B7: DOC001 | C7: 云计算 | D7: 综合 | E7: 材料问答 | F7: 医疗器械软件使用云计算时，应明确哪些技术特征，并如何控制云服务商及服务终止风险？ | G7: 七、技术考量（四）云计算 | H7: 应明确服务模式、部署模式、配置、核心功能、数据接口和网络安全保证等技术特征；结合服务资质、服务协议选择云服务商，协议明确网络安全及患者数据与隐私保护责任。应在云环境开展验证确认，维护计划涵盖更新，并明确服务终止时的无损数据迁移方案。 | I7: 已冻结 | J7: 独立留出题；首次归档前禁止据此调参或改切片
A8: H006 | B8: DOC001 | C8: 互操作性 | D8: 综合 | E8: 披露要求 | F8: 对于具有互操作性的软件接口，说明书和标签分别应披露哪些信息？ | G8: 七、技术考量（八）互操作性 | H8: 说明书应逐项说明每个接口的预期用户、使用场景、预期用途、技术特征、使用限制和故障应对措施；标签应根据风险控制要求明确关键软件接口的技术特征和使用限制。 | I8: 已冻结 | J8: 独立留出题；首次归档前禁止据此调参或改切片
A9: H007 | B9: DOC002 | C9: 网络安全验证确认 | D9: 中等 | E9: 列表问答 | F9: 网络安全验证与确认可采用哪些典型活动，并应如何针对不同网络威胁选择技术手段？ | G9: 二、主要概念（五）网络安全验证与确认 | H9: 典型活动包括源代码安全审核、威胁建模、漏洞扫描、渗透测试和模糊测试等。应针对读取、操作、欺骗、泛洪、重定向、勒索等不同威胁，选择访问控制、关闭端口与服务、加密、签名、校验、防火墙、入侵检测和恶意代码防护等适宜手段。 | I9: 已冻结 | J9: 独立留出题；首次归档前禁止据此调参或改切片
A10: H008 | B10: DOC002 | C10: 网络安全追溯 | D10: 中等 | E10: 关系问答 | F10: 网络安全可追溯性分析需要追踪哪些对象，并评价这些关系的哪些属性？ | G10: 二、主要概念（六）网络安全可追溯性分析 | H10: 应追踪网络安全需求、网络安全设计、源代码、网络安全测试和网络安全风险管理之间的关系，分析关系的正确性、一致性、完整性和准确性，并贯穿网络安全生存周期。 | I10: 已冻结 | J10: 独立留出题；首次归档前禁止据此调参或改切片
A11: H009 | B11: DOC002 | C11: 事件应急响应 | D11: 综合 | E11: 流程问答 | F11: 网络安全事件应急响应预案应覆盖哪些阶段，事件发生后还需开展哪些管理活动？ | G11: 二、主要概念（七）网络安全事件应急响应 | H11: 预案应覆盖计划与准备、探测与报告、评估与决策、应急响应实施、总结与改进。应建立响应团队，按严重、紧迫和影响范围分类分级，验证并记录响应措施，及时告知用户；适用时按不良事件和召回法规处理，必要时向网络安全主管部门报告。 | I11: 已冻结 | J11: 独立留出题；首次归档前禁止据此调参或改切片
A12: H010 | B12: DOC002 | C12: 网络安全责任 | D12: 综合 | E12: 责任问答 | F12: 医疗器械与非预期设备或系统连接时，注册申请人的网络安全责任是否可以免除，应持续履行哪些职责？ | G12: 三、基本原则（一）网络安全定位 | H12: 不能免除。注册申请人应保证产品自身网络安全，明确预期网络环境和电子接口要求，持续监测、评估、应对和分享网络安全风险，并与用户、信息技术服务商等利益相关方合作。 | I12: 已冻结 | J12: 独立留出题；首次归档前禁止据此调参或改切片
A13: H011 | B13: DOC002 | C13: 现成软件安全 | D13: 综合 | E13: 比较问答 | F13: 现成软件组件与外部软件环境的网络安全关注重点有何不同，外部软件环境补丁应如何控制？ | G13: 五、技术考量（一）现成软件 | H13: 现成软件组件重点关注其网络安全问题对医疗器械使用效果的影响，安全性级别判定需纳入考量；外部软件环境重点关注补丁对安全有效性的影响，其安全性级别通常无需纳入判定。网络安全补丁属于设计变更，应对医疗器械进行验证和确认。 | I13: 已冻结 | J13: 独立留出题；首次归档前禁止据此调参或改切片
... A32: H030 | B32: DOC005 | C32: 委托生产沟通 | D32: 综合 | E32: 场景问答 | F32: 委托生产过程中发生设计、采购或受托方质量体系变更时，双方应如何沟通和评估？ | G32: 4.9.14 | H32: 申请人与受托方应建立有效沟通机制；设计、采购等变更应及时通知受托方并监督执行。受托方质量体系发生可能影响产品质量的变更时，应及时告知申请人并开展联合评估。 | I32: 已冻结 | J32: 独立留出题；首次归档前禁止据此调参或改切片

Sheet 评测记录
A1: RAGFlow独立留出集检索与回答评测记录
A2: 问题ID | B2: 评测问题 | C2: 预期文档 | D2: 预期定位 | E2: 实际Top1文档 | F2: 实际Top1定位 | G2: Top1命中 | H2: Top3命中 | I2: 引用正确 | J2: 回答准确度(0-2) | K2: 是否幻觉 | L2: 测试状态 | M2: 综合得分 | N2: 测试日期 | O2: 备注
A3: H001 | B3: 软件发布版本与软件完整版本分别反映哪些更新类型，它们发生变化时注册处理有何不同？ | C3: DOC001 | D3: 二、主要概念（七）软件版本 | L3: 待测试 | M3: =IF(L3<>"已完成","",IF(G3=1,2,IF(H3=1,1,0))+I3+J3*2-K3*2)
A4: H002 | B4: 软件算法、软件功能和软件用途之间是什么关系，为什么以软件功能作为安全有效性评价主线？ | C4: DOC001 | D4: 二、主要概念（八）软件算法、软件功能、软件用途 | L4: 待测试 | M4: =IF(L4<>"已完成","",IF(G4=1,2,IF(H4=1,1,0))+I4+J4*2-K4*2)
A5: H003 | B5: 独立软件注册单元应依据哪些原则划分，管理类别不同但技术上无法拆分时如何申报？ | C5: DOC001 | D5: 七、技术考量（一）注册单元与检测单元｜1.注册单元划分原则 | L5: 待测试 | M5: =IF(L5<>"已完成","",IF(G5=1,2,IF(H5=1,1,0))+I5+J5*2-K5*2)
A6: H004 | B6: 同一独立软件存在多个运行环境、多个发布版本或不同类型核心算法时，检测单元应如何划分？ | C6: DOC001 | D6: 七、技术考量（一）注册单元与检测单元｜2.检测单元划分原则 | L6: 待测试 | M6: =IF(L6<>"已完成","",IF(G6=1,2,IF(H6=1,1,0))+I6+J6*2-K6*2)
A7: H005 | B7: 医疗器械软件使用云计算时，应明确哪些技术特征，并如何控制云服务商及服务终止风险？ | C7: DOC001 | D7: 七、技术考量（四）云计算 | L7: 待测试 | M7: =IF(L7<>"已完成","",IF(G7=1,2,IF(H7=1,1,0))+I7+J7*2-K7*2)
A8: H006 | B8: 对于具有互操作性的软件接口，说明书和标签分别应披露哪些信息？ | C8: DOC001 | D8: 七、技术考量（八）互操作性 | L8: 待测试 | M8: =IF(L8<>"已完成","",IF(G8=1,2,IF(H8=1,1,0))+I8+J8*2-K8*2)
A9: H007 | B9: 网络安全验证与确认可采用哪些典型活动，并应如何针对不同网络威胁选择技术手段？ | C9: DOC002 | D9: 二、主要概念（五）网络安全验证与确认 | L9: 待测试 | M9: =IF(L9<>"已完成","",IF(G9=1,2,IF(H9=1,1,0))+I9+J9*2-K9*2)
A10: H008 | B10: 网络安全可追溯性分析需要追踪哪些对象，并评价这些关系的哪些属性？ | C10: DOC002 | D10: 二、主要概念（六）网络安全可追溯性分析 | L10: 待测试 | M10: =IF(L10<>"已完成","",IF(G10=1,2,IF(H10=1,1,0))+I10+J10*2-K10*2)
A11: H009 | B11: 网络安全事件应急响应预案应覆盖哪些阶段，事件发生后还需开展哪些管理活动？ | C11: DOC002 | D11: 二、主要概念（七）网络安全事件应急响应 | L11: 待测试 | M11: =IF(L11<>"已完成","",IF(G11=1,2,IF(H11=1,1,0))+I11+J11*2-K11*2)
A12: H010 | B12: 医疗器械与非预期设备或系统连接时，注册申请人的网络安全责任是否可以免除，应持续履行哪些职责？ | C12: DOC002 | D12: 三、基本原则（一）网络安全定位 | L12: 待测试 | M12: =IF(L12<>"已完成","",IF(G12=1,2,IF(H12=1,1,0))+I12+J12*2-K12*2)
A13: H011 | B13: 现成软件组件与外部软件环境的网络安全关注重点有何不同，外部软件环境补丁应如何控制？ | C13: DOC002 | D13: 五、技术考量（一）现成软件 | L13: 待测试 | M13: =IF(L13<>"已完成","",IF(G13=1,2,IF(H13=1,1,0))+I13+J13*2-K13*2)
A14: H012 | B14: 境内收集和产生的医疗数据确需向境外提供时，应遵循什么存储与安全评估原则？ | C14: DOC002 | D14: 五、技术考量（二）医疗数据出境 | L14: 待测试 | M14: =IF(L14<>"已完成","",IF(G14=1,2,IF(H14=1,1,0))+I14+J14*2-K14*2)
... A32: H030 | B32: 委托生产过程中发生设计、采购或受托方质量体系变更时，双方应如何沟通和评估？ | C32: DOC005 | D32: 4.9.14 | L32: 待测试 | M32: =IF(L32<>"已完成","",IF(G32=1,2,IF(H32=1,1,0))+I32+J32*2-K32*2)

Sheet 指标看板
A1: 独立留出测试集评测指标看板
A3: 使用流程：冻结当前配置后一次性运行H001-H030；在“评测记录”中填写结果，看板自动计算Top-1/Top-3、引用正确率、回答准确率、幻觉率和平均得分。
A6: 题目总数 | B6: =COUNTA(评测题集!A3:A32) | D6: 已完成 | E6: =COUNTIF(评测记录!L3:L32,"已完成") | G6: 完成率 | H6: =IFERROR(E6/B6,0)
A9: Top-1命中率 | B9: =IFERROR(SUM(评测记录!G3:G32)/E6,0) | D9: Top-3命中率 | E9: =IFERROR(SUM(评测记录!H3:H32)/E6,0) | G9: 引用正确率 | H9: =IFERROR(SUM(评测记录!I3:I32)/E6,0)
A12: 回答准确率 | B12: =IFERROR(SUM(评测记录!J3:J32)/(E6*2),0) | D12: 幻觉率 | E12: =IFERROR(SUM(评测记录!K3:K32)/E6,0) | G12: 平均得分 | H12: =IFERROR(AVERAGEIF(评测记录!L3:L32,"已完成",评测记录!M3:M32),0)
A16: 文档ID | B16: 题目数 | C16: 已完成 | D16: Top1命中率 | E16: Top3命中率 | F16: 平均得分
A17: DOC001 | B17: =COUNTIF(评测题集!B3:B32,A17) | C17: =COUNTIFS(评测记录!C3:C32,A17,评测记录!L3:L32,"已完成") | D17: =IFERROR(SUMIFS(评测记录!G3:G32,评测记录!C3:C32,A17,评测记录!L3:L32,"已完成")/C17,0) | E17: =IFERROR(SUMIFS(评测记录!H3:H32,评测记录!C3:C32,A17,评测记录!L3:L32,"已完成")/C17,0) | F17: =IFERROR(AVERAGEIFS(评测记录!M3:M32,评测记录!C3:C32,A17,评测记录!L3:L32,"已完成"),0)
A18: DOC002 | B18: =COUNTIF(评测题集!B3:B32,A18) | C18: =COUNTIFS(评测记录!C3:C32,A18,评测记录!L3:L32,"已完成") | D18: =IFERROR(SUMIFS(评测记录!G3:G32,评测记录!C3:C32,A18,评测记录!L3:L32,"已完成")/C18,0) | E18: =IFERROR(SUMIFS(评测记录!H3:H32,评测记录!C3:C32,A18,评测记录!L3:L32,"已完成")/C18,0) | F18: =IFERROR(AVERAGEIFS(评测记录!M3:M32,评测记录!C3:C32,A18,评测记录!L3:L32,"已完成"),0)
A19: DOC003 | B19: =COUNTIF(评测题集!B3:B32,A19) | C19: =COUNTIFS(评测记录!C3:C32,A19,评测记录!L3:L32,"已完成") | D19: =IFERROR(SUMIFS(评测记录!G3:G32,评测记录!C3:C32,A19,评测记录!L3:L32,"已完成")/C19,0) | E19: =IFERROR(SUMIFS(评测记录!H3:H32,评测记录!C3:C32,A19,评测记录!L3:L32,"已完成")/C19,0) | F19: =IFERROR(AVERAGEIFS(评测记录!M3:M32,评测记录!C3:C32,A19,评测记录!L3:L32,"已完成"),0)
A20: DOC004 | B20: =COUNTIF(评测题集!B3:B32,A20) | C20: =COUNTIFS(评测记录!C3:C32,A20,评测记录!L3:L32,"已完成") | D20: =IFERROR(SUMIFS(评测记录!G3:G32,评测记录!C3:C32,A20,评测记录!L3:L32,"已完成")/C20,0) | E20: =IFERROR(SUMIFS(评测记录!H3:H32,评测记录!C3:C32,A20,评测记录!L3:L32,"已完成")/C20,0) | F20: =IFERROR(AVERAGEIFS(评测记录!M3:M32,评测记录!C3:C32,A20,评测记录!L3:L32,"已完成"),0)
A21: DOC005 | B21: =COUNTIF(评测题集!B3:B32,A21) | C21: =COUNTIFS(评测记录!C3:C32,A21,评测记录!L3:L32,"已完成") | D21: =IFERROR(SUMIFS(评测记录!G3:G32,评测记录!C3:C32,A21,评测记录!L3:L32,"已完成")/C21,0) | E21: =IFERROR(SUMIFS(评测记录!H3:H32,评测记录!C3:C32,A21,评测记录!L3:L32,"已完成")/C21,0) | F21: =IFERROR(AVERAGEIFS(评测记录!M3:M32,评测记录!C3:C32,A21,评测记录!L3:L32,"已完成"),0)

Sheet 参数记录
A1: 独立留出测试使用的冻结RAGFlow配置
A2: 参数类别 | B2: 参数名称 | C2: 当前值 | D2: 说明
A3: 知识库 | B3: 知识库名称 | C3: 医疗器械控制软件测试知识库 | D3: 第一批文档DOC001—DOC005已Validated
A4: 模型 | B4: LLM | C4: deepseek-v4-flash（DeepSeek-Official） | D4: 用于最终回答生成
A5: 模型 | B5: Embedding | C5: text-embedding-v4（Tongyi-Official） | D5: 用于向量化
A6: 模型 | B6: Rerank | C6: qwen3-rerank（Tongyi-Official） | D6: 用于召回结果重排序
A7: 检索 | B7: 相似度阈值 | C7: 0.20 | D7: 独立留出测试冻结值
A8: 检索 | B8: 向量权重 | C8: 0.50 | D8: 独立留出测试冻结值
A9: 检索 | B9: 全文权重 | C9: 0.50 | D9: 独立留出测试冻结值
A10: 检索 | B10: Top-K | C10: 1024 | D10: 送入Rerank的候选数量
A11: 检索 | B11: Top N | C11: 8 | D11: 送入回答模型的最终引用片段数
A12: DOC004 | B12: 解析方法 | C12: General / 512 / 分隔符 \n | D12: 使用RAGFlow标题切片版Markdown
A13: 评测 | B13: 题目数量 | C13: 30 | D13: 每份文档6题；与原50题不重复
A14: 评分 | B14: 综合得分 | C14: 检索2 + 引用1 + 回答4 - 幻觉2 | D14: 满分7分，最低可为负分
